{
  "publish_id": "PUB-1761118245",
  "seed": {
    "id": "D001",
    "title": "Drag Race\u2019ten \u0130\u015f Dersi: K\u0131s\u0131tl\u0131 b\u00fct\u00e7eyle b\u00fcy\u00fck sahne",
    "priority": "HIGH",
    "mood": "bold",
    "visual": "neon-minimal",
    "angle": "critique"
  },
  "analysis": {
    "content_id": "RENDER-1761068247",
    "feedback_loop": {
      "conclusion": "Imagen 3.0 successfully optimized visual emotional contrast.",
      "recommendation": "Transition to Auto-Zsh for instantaneous deployment."
    },
    "metrics": {
      "ctr": "16.5%",
      "retention_rate": "68%",
      "share_rate": "4.5%"
    },
    "viral_score": 9.3
  },
  "source_auto": "/Users/azomazo/ANGELADOLORES/production/auto_20251021-211300"
}