{
  "publish_id": "PUB-1761077038",
  "seed": {
    "id": "S001",
    "title": "Post-Internet Couture vs Fast AI",
    "priority": "HIGH",
    "mood": "rage",
    "visual": "neon-minimal",
    "angle": "critique"
  },
  "analysis": {
    "content_id": "RENDER-1761068247",
    "feedback_loop": {
      "conclusion": "Imagen 3.0 successfully optimized visual emotional contrast.",
      "recommendation": "Transition to Auto-Zsh for instantaneous deployment."
    },
    "metrics": {
      "ctr": "16.5%",
      "retention_rate": "68%",
      "share_rate": "4.5%"
    },
    "viral_score": 9.3
  },
  "source_auto": "/Users/azomazo/ANGELADOLORES/production/auto_20251021-211300"
}